<?xml version="1.0" encoding="UTF-8"?>
<resourceDescriptor critical="false" date="2022-06-26" description="SpesML combines SysML with the SPES method." homePage="https://spesml.github.io/" id="9999" mdVersionMax="higher" mdVersionMin="2021x" name="SpesML" product="SpesML" type="Plugin (commercial)">
 
  <version human="2021x Refresh1 (build 345)" internal="345"/>
  <provider name="SpesML Public Funded Project"/>

  <edition>Standard</edition>
  <edition>Enterprise</edition>
  <edition>Architect</edition>
  <edition>Professional Java</edition>
  <edition>Professional C++</edition>
  <edition>Professional C#</edition>
  <edition>Professional ArcStyler</edition>
  <edition>Professional EFFS ArcStyler</edition>
  <edition>OptimalJ</edition>
  <edition>Reader</edition>

  <installation>
  		<!-- 
		*****************************************************************************
		*	Profile
		*****************************************************************************
		 -->  
		<file from="SpesML.mdzip" to="profiles/SpesML.mdzip"/>
		<!-- 
		*****************************************************************************
		*	Diagram Definitions
		*****************************************************************************
		 -->	
		<!-- Universal Interface Model -->	 
		<file from="Diagrams/SpesML State Machine Diagram descriptor.xml" to="data/defaults/data/diagrams/SpesML State Machine Diagram/descriptor.xml"/>

		<!-- Requirement Viewpoint -->	

		<!-- Functional Viewpoint -->
		<file from="Diagrams/SpesML Functional Internal Function Diagram descriptor.xml" to="data/defaults/data/diagrams/SpesML Functional Internal Function Diagram/descriptor.xml"/>

		<!-- Logical Viewpoint -->	
		<file from="Diagrams/SpesML Logical Internal Component Diagram descriptor.xml" to="data/defaults/data/diagrams/SpesML Logical Internal Component Diagram/descriptor.xml"/>
		<file from="Diagrams/SpesML Logical Test Case Diagram descriptor.xml" to="data/defaults/data/diagrams/SpesML Logical Test Case Diagram/descriptor.xml"/>
		 
		<!-- Technical Viewpoint -->	
		<file from="Diagrams/SpesML Technical Internal Component Diagram descriptor.xml" to="data/defaults/data/diagrams/SpesML Technical Internal Component Diagram/descriptor.xml"/>
		<file from="Diagrams/SpesML Mechanical Internal Component Diagram descriptor.xml" to="data/defaults/data/diagrams/SpesML Mechanical Internal Component Diagram/descriptor.xml"/>
		<file from="Diagrams/SpesML Mechatronic Internal Component Diagram descriptor.xml" to="data/defaults/data/diagrams/SpesML Mechatronic Internal Component Diagram/descriptor.xml"/>
		<file from="Diagrams/SpesML Electronic Internal Component Diagram descriptor.xml" to="data/defaults/data/diagrams/SpesML Electronic Internal Component Diagram/descriptor.xml"/>
		<file from="Diagrams/SpesML Software Internal Component Diagram descriptor.xml" to="data/defaults/data/diagrams/SpesML Software Internal Component Diagram/descriptor.xml"/>
		<file from="Diagrams/SpesML Task Architecture Internal Diagram descriptor.xml" to="data/defaults/data/diagrams/SpesML Task Architecture Internal Diagram/descriptor.xml"/>
		<file from="Diagrams/SpesML Execution Platform Internal Diagram descriptor.xml" to="data/defaults/data/diagrams/SpesML Execution Platform Internal Diagram/descriptor.xml"/>

		<!-- 
		*****************************************************************************
		*	Matrix Definitions
		*****************************************************************************
		 -->
		<file from="Matrixes/SpesML RequirementToRequirement Matrix descriptor.xml" to="data/defaults/data/diagrams/SpesML RequirementToRequirement Matrix/descriptor.xml"/>
		<file from="Matrixes/SpesML FunctionalToRequirement Matrix descriptor.xml" to="data/defaults/data/diagrams/SpesML FunctionalToRequirement Matrix/descriptor.xml"/>
		<file from="Matrixes/SpesML LogicalToRequirement Matrix descriptor.xml" to="data/defaults/data/diagrams/SpesML LogicalToRequirement Matrix/descriptor.xml"/>
		<file from="Matrixes/SpesML TechnicalToRequirement Matrix descriptor.xml" to="data/defaults/data/diagrams/SpesML TechnicalToRequirement Matrix/descriptor.xml"/>
		<file from="Matrixes/SpesML LogicalToFunctional Matrix descriptor.xml" to="data/defaults/data/diagrams/SpesML LogicalToFunctional Matrix/descriptor.xml"/>
		<file from="Matrixes/SpesML TechnicalToLogical Matrix descriptor.xml" to="data/defaults/data/diagrams/SpesML TechnicalToLogical Matrix/descriptor.xml"/>

		<file from="Matrixes/SpesML TaskToExecution Allocation Matrix descriptor.xml" to="data/defaults/data/diagrams/SpesML TaskToExecution Allocation Matrix/descriptor.xml"/>
		<file from="Matrixes/SpesML PortToExecution Allocation Matrix descriptor.xml" to="data/defaults/data/diagrams/SpesML PortToExecution Allocation Matrix/descriptor.xml"/>

		<!-- 
		*****************************************************************************
		*	Map Definitions
		*****************************************************************************
		 -->
		<file from="Maps/SpesML Requirements Impact Map descriptor.xml" to="data/defaults/data/diagrams/SpesML Requirements Impact Map/descriptor.xml"/>
		<file from="Maps/SpesML Functional Impact Map descriptor.xml" to="data/defaults/data/diagrams/SpesML Functional Impact Map/descriptor.xml"/>
		<file from="Maps/SpesML Logical Impact Map descriptor.xml" to="data/defaults/data/diagrams/SpesML Logical Impact Map/descriptor.xml"/>
		<file from="Maps/SpesML Functional Tracing Map descriptor.xml" to="data/defaults/data/diagrams/SpesML Functional Tracing Map/descriptor.xml"/>
		<file from="Maps/SpesML Logical Tracing Map descriptor.xml" to="data/defaults/data/diagrams/SpesML Logical Tracing Map/descriptor.xml"/>
		<file from="Maps/SpesML Technical Tracing Map descriptor.xml" to="data/defaults/data/diagrams/SpesML Technical Tracing Map/descriptor.xml"/>


		<!-- 
		*****************************************************************************
		*	Table Definitions
		*****************************************************************************
		-->
		<file from="Tables/SpesML Requirements Table descriptor.xml" to="data/defaults/data/diagrams/SpesML Requirements Table/descriptor.xml"/>

		<!-- 
		*****************************************************************************
		*	SpesML Drag & Drop Plugin
		*****************************************************************************
		 -->	
		<file from="Plugins/SpesMLDragAndDropPlugin/plugin.xml" to="plugins/spesml.draganddrop.SpesMLDragAndDropPlugin_2021x_Refresh1/plugin.xml"/>
		<file from="Plugins/SpesMLDragAndDropPlugin/SpesMLDragAndDropPlugin_2021x_Refresh1.jar" to="plugins/spesml.draganddrop.SpesMLDragAndDropPlugin_2021x_Refresh1/SpesMLDragAndDropPlugin_2021x_Refresh1.jar"/>
		
		<!--
		*****************************************************************************
		*	SpesML Functions Language Plugin
		*****************************************************************************
		 -->
		<file from="Plugins/SpesMLFunctionsLanguagePlugin/plugin.xml" to="plugins/spesml.functionslanguage.SpesMLFunctionsLanguagePlugin_2021x Refresh1/plugin.xml"/>
		<file from="Plugins/SpesMLFunctionsLanguagePlugin/SpesMLFunctionsLanguagePlugin_2021x Refresh1.jar" to="plugins/spesml.functionslanguage.SpesMLFunctionsLanguagePlugin_2021x Refresh1/SpesMLFunctionsLanguagePlugin_2021x Refresh1.jar"/>
		<file from="Plugins/SpesMLFunctionsLanguagePlugin/spesml-textual-languages.jar" to="plugins/spesml.functionslanguage.SpesMLFunctionsLanguagePlugin_2021x Refresh1/spesml-textual-languages.jar"/>
		
		<!-- 
		*****************************************************************************
		*	SpesML Stereotype Plugin
		*****************************************************************************
		 -->	
		<file from="Plugins/SpesMLStereotypePlugin/plugin.xml" to="plugins/spesml.stereotype.SpesMLStereotypePlugin_2021x_Refresh1/plugin.xml"/>
		<file from="Plugins/SpesMLStereotypePlugin/SpesMLStereotypePlugin_2021x_Refresh1.jar" to="plugins/spesml.stereotype.SpesMLStereotypePlugin_2021x_Refresh1/SpesMLStereotypePlugin_2021x_Refresh1.jar"/>

		<!-- 
		*****************************************************************************
		*	SpesML SymbolTable Plugin
		*****************************************************************************
		 -->	
		<file from="Plugins/SpesMLSymbolTablePlugin/plugin.xml" to="plugins/spesml.symboltable.SpesMLSymbolTablePlugin_2021x Refresh1/plugin.xml"/>
		<file from="Plugins/SpesMLSymbolTablePlugin/SpesMLSymbolTablePlugin_2021x Refresh1.jar" to="plugins/spesml.symboltable.SpesMLSymbolTablePlugin_2021x Refresh1/SpesMLSymbolTablePlugin_2021x Refresh1.jar"/>
		<file from="Plugins/SpesMLSymbolTablePlugin/spesml-textual-languages.jar" to="plugins/spesml.symboltable.SpesMLSymbolTablePlugin_2021x Refresh1/spesml-textual-languages.jar"/>

		<!-- 
		*****************************************************************************
		*	SpesML Validation Plugin
		*****************************************************************************
		 -->	
		<file from="Plugins/SpesMLValidationPlugin/plugin.xml" to="plugins/spesml.validation.SpesMLValidationPlugin_2021x_Refresh1/plugin.xml"/>
		<file from="Plugins/SpesMLValidationPlugin/SpesMLValidationPlugin_2021x_Refresh1.jar" to="plugins/spesml.validation.SpesMLValidationPlugin_2021x_Refresh1/SpesMLValidationPlugin_2021x_Refresh1.jar"/>

		<!-- 
		*****************************************************************************
		*	SpesML Visualization Plugin
		*****************************************************************************
		 -->	
		<file from="Plugins/SpesMLVisualizationPlugin/plugin.xml" to="plugins/spesml.visualization.SpesMLVisualizationPlugin_2021x_Refresh1/plugin.xml"/>
		<file from="Plugins/SpesMLVisualizationPlugin/SpesMLVisualizationPlugin_2021x_Refresh1.jar" to="plugins/spesml.visualization.SpesMLVisualizationPlugin_2021x_Refresh1/SpesMLVisualizationPlugin_2021x_Refresh1.jar"/>

		<!-- 
		*****************************************************************************
		*	SpesML WebsiteLink Plugin
		*****************************************************************************
		 -->	
		<file from="Plugins/SpesMLWebsiteLinkPlugin/plugin.xml" to="plugins/spesml.websitelink.SpesMLWebsiteLinkPlugin_2021x_Refresh1/plugin.xml"/>
		<file from="Plugins/SpesMLWebsiteLinkPlugin/SpesMLWebsiteLinkPlugin_2021x_Refresh1.jar" to="plugins/spesml.websitelink.SpesMLWebsiteLinkPlugin_2021x_Refresh1/SpesMLWebsiteLinkPlugin_2021x_Refresh1.jar"/>

		
		<!-- 
		*****************************************************************************
		*	Model Template
		*****************************************************************************
		 -->			
		<file from="Template/SpesML_Model_Template.gif" to="templates/SpesML_Model_Template/SpesML_Model_Template.gif"/>
		<file from="Template/SpesML_Model_Template.xml" to="templates/SpesML_Model_Template/SpesML_Model_Template.xml"/>
		<file from="Template/SpesML_Model_Template.mdzip" to="templates/SpesML_Model_Template/SpesML_Model_Template.mdzip"/>
		<file from="Template/SpesML_Model_Template.png" to="templates/SpesML_Model_Template/SpesML_Model_Template.png"/>
		<!-- 
		*****************************************************************************
		*	Perspective
		*****************************************************************************
		 -->				
		<file from="SpesML (Expert).umd" to="data/defaults/data/perspectives/SpesML (Expert).umd"/>
		<file from="SpesML (Novice).umd" to="data/defaults/data/perspectives/SpesML (Novice).umd"/>

		<!-- 
		*****************************************************************************
		*	Report Generator Template
		*****************************************************************************
		 -->			


  </installation>
</resourceDescriptor>