<?xml version="1.0" encoding="UTF-8" standalone="yes"?>
<diagram version="9" type="SpesML Functional Impact Map" baseType="Class Diagram" abbreviation="FIM" category="SpesML" metaType="RelationMap">
    <stereotype id="_16_8beta_9020291_1260453936960_387965_1187"/>
    <stereotype id="_9_0_be00301_1108044380615_150487_0"/>
    <requiredPlugin>com.nomagic.magicdraw.visualization.relationshipmap#Relation Map;ISO-80000.mdzip;UML_Standard_Profile.mdzip;SpesML.mdzip;ISO-80000-Extension.mdzip</requiredPlugin>
    <helpID>https://spesml.github.io/plugin/functional_viewpoint.html#functional-impact-map</helpID>
    <icon type="small" size="16" filename="mdp://resource/com/nomagic/magicdraw/visualization/relationshipmap/icons/relation_map.png"></icon>
    <icon type="diagraming" size="-1" filename="mdp://resource/com/nomagic/magicdraw/visualization/relationshipmap/icons/relation_map.svg"></icon>
    <module name="ISO-80000.mdzip" location="D:\Programme\MagicDraw_2021x_Refresh1\modelLibraries\ISO-80000.mdzip">
        <root id="cad57231-da70-4698-9930-327efc8023f2"/>
    </module>
    <module name="UML_Standard_Profile.mdzip" location="D:\Programme\MagicDraw_2021x_Refresh1\profiles\UML_Standard_Profile.mdzip">
        <root id="magicdraw_uml_standard_profile_v_0001"/>
    </module>
    <module name="SpesML.mdzip" location="D:\Programme\MagicDraw_2021x_Refresh1\profiles\SpesML.mdzip">
        <root id="_19_0_4_b8c0238_1611840272530_419284_42600"/>
    </module>
    <module name="ISO-80000-Extension.mdzip" location="D:\Programme\MagicDraw_2021x_Refresh1\modelLibraries\ISO-80000-Extension.mdzip">
        <root id="_19_0beta_8c4028a_1506585200574_397586_41114"/>
    </module>
    <cutElementNames>false</cutElementNames>
    <depth>2</depth>
    <filterAreaExpanded>true</filterAreaExpanded>
    <elementTypes id="_19_0_4_b8c0238_1615212208629_354126_43494"/>
    <elementTypes id="_19_0_4_b8c0238_1611841992669_270611_43045"/>
    <elementTypes id="_2021x_1_b8c0238_1639648876323_707246_20664"/>
    <elementTypes id="_2021x_1_b8c0238_1639648876749_248809_20670"/>
    <elementTypes id="_2021x_1_b8c0238_1639648875512_669576_20656"/>
    <makeSelectedAsContext>false</makeSelectedAsContext>
    <relationCriterion>&lt;?xml version="1.0" encoding="UTF-8" standalone="yes"?&gt;
&lt;callExpressionSpecification includeCustomTypes="false" includeSubtypes="true" xmlns="http://www.nomagic.com/schemas/MagicDraw/StructuredExpression/2013"&gt;
    &lt;taggedValues&gt;
        &lt;entry key="name"&gt;
            &lt;value&gt;clarify&lt;/value&gt;
        &lt;/entry&gt;
    &lt;/taggedValues&gt;
    &lt;argument xsi:type="lookupExpressionSpecification" symbol="THIS" xmlns:xsi="http://www.w3.org/2001/XMLSchema-instance"/&gt;
    &lt;expression xsi:type="dslRelationExpressionSpecification" stereotype="_2021x_1_b8c0238_1639722986701_48243_18564" direction="OPPOSITE" includeCustomTypes="false" includeSubtypes="true" xmlns:xsi="http://www.w3.org/2001/XMLSchema-instance"/&gt;
&lt;/callExpressionSpecification&gt;
</relationCriterion>
    <relationCriterion>&lt;?xml version="1.0" encoding="UTF-8" standalone="yes"?&gt;
&lt;callExpressionSpecification includeCustomTypes="false" includeSubtypes="true" xmlns="http://www.nomagic.com/schemas/MagicDraw/StructuredExpression/2013"&gt;
    &lt;taggedValues&gt;
        &lt;entry key="name"&gt;
            &lt;value&gt;realizes function&lt;/value&gt;
        &lt;/entry&gt;
    &lt;/taggedValues&gt;
    &lt;argument xsi:type="lookupExpressionSpecification" symbol="THIS" xmlns:xsi="http://www.w3.org/2001/XMLSchema-instance"/&gt;
    &lt;expression xsi:type="dslRelationExpressionSpecification" stereotype="_2021x_1_b8c0238_1641820963144_811979_18198" direction="OPPOSITE" includeCustomTypes="false" includeSubtypes="true" xmlns:xsi="http://www.w3.org/2001/XMLSchema-instance"/&gt;
&lt;/callExpressionSpecification&gt;
</relationCriterion>
    <relationCriterion>&lt;?xml version="1.0" encoding="UTF-8" standalone="yes"?&gt;
&lt;callExpressionSpecification includeCustomTypes="false" includeSubtypes="true" xmlns="http://www.nomagic.com/schemas/MagicDraw/StructuredExpression/2013"&gt;
    &lt;taggedValues&gt;
        &lt;entry key="name"&gt;
            &lt;value&gt;realizes logical component&lt;/value&gt;
        &lt;/entry&gt;
    &lt;/taggedValues&gt;
    &lt;argument xsi:type="lookupExpressionSpecification" symbol="THIS" xmlns:xsi="http://www.w3.org/2001/XMLSchema-instance"/&gt;
    &lt;expression xsi:type="dslRelationExpressionSpecification" stereotype="_2021x_1_b8c0238_1641821011232_931974_18237" direction="OPPOSITE" includeCustomTypes="false" includeSubtypes="true" xmlns:xsi="http://www.w3.org/2001/XMLSchema-instance"/&gt;
&lt;/callExpressionSpecification&gt;
</relationCriterion>
    <relationCriterion>&lt;?xml version="1.0" encoding="UTF-8" standalone="yes"?&gt;
&lt;callExpressionSpecification includeCustomTypes="false" includeSubtypes="true" xmlns="http://www.nomagic.com/schemas/MagicDraw/StructuredExpression/2013"&gt;
    &lt;taggedValues&gt;
        &lt;entry key="name"&gt;
            &lt;value&gt;satisfy&lt;/value&gt;
        &lt;/entry&gt;
    &lt;/taggedValues&gt;
    &lt;argument xsi:type="lookupExpressionSpecification" symbol="THIS" xmlns:xsi="http://www.w3.org/2001/XMLSchema-instance"/&gt;
    &lt;expression xsi:type="dslRelationExpressionSpecification" stereotype="_2021x_1_b8c0238_1639648742306_144834_20511" direction="OPPOSITE" includeCustomTypes="false" includeSubtypes="true" xmlns:xsi="http://www.w3.org/2001/XMLSchema-instance"/&gt;
&lt;/callExpressionSpecification&gt;
</relationCriterion>
    <relationCriterion>&lt;?xml version="1.0" encoding="UTF-8" standalone="yes"?&gt;
&lt;callExpressionSpecification includeCustomTypes="false" includeSubtypes="true" xmlns="http://www.nomagic.com/schemas/MagicDraw/StructuredExpression/2013"&gt;
    &lt;taggedValues&gt;
        &lt;entry key="name"&gt;
            &lt;value&gt;Owned Element&lt;/value&gt;
        &lt;/entry&gt;
    &lt;/taggedValues&gt;
    &lt;argument xsi:type="lookupExpressionSpecification" symbol="THIS" xmlns:xsi="http://www.w3.org/2001/XMLSchema-instance"/&gt;
    &lt;expression xsi:type="propertyExpressionSpecification" direction="DIRECT" includeCustomTypes="false" includeSubtypes="true" xmlns:xsi="http://www.w3.org/2001/XMLSchema-instance"&gt;
        &lt;property xsi:type="umlProperty" metaclass="Element" property="ownedElement"/&gt;
    &lt;/expression&gt;
&lt;/callExpressionSpecification&gt;
</relationCriterion>
    <showAppliedStereotypes>false</showAppliedStereotypes>
    <showElementNumbers>true</showElementNumbers>
    <showFullTypes>false</showFullTypes>
    <showLegend>true</showLegend>
    <showSingleNodePerElement>false</showSingleNodePerElement>
    <layout>Tree</layout>
    <showContext>true</showContext>
    <showRelationCriterion>false</showRelationCriterion>
    <showElementType>false</showElementType>
    <showScope>true</showScope>
    <isInitialized>true</isInitialized>
    <expandedElements>_2021x_1_b8c0238_1642149798081_481073_19019
&lt;-_2021x_1_b8c0238_1642150371415_891950_19083
&lt;-_2021x_1_b8c0238_1642145427044_533859_18808
&lt;-_2021x_1_b8c0238_1642145427032_942532_18633</expandedElements>
    <expandedElements>_2021x_1_b8c0238_1642150371415_891950_19083
&lt;-_2021x_1_b8c0238_1642145427044_533859_18808
&lt;-_2021x_1_b8c0238_1642145427032_942532_18633</expandedElements>
    <expandedElements>_2021x_1_b8c0238_1642149798081_481073_19019
&lt;-_2021x_1_b8c0238_1642149768948_297462_19009
&lt;-_2021x_1_b8c0238_1642145427044_533859_18808
&lt;-_2021x_1_b8c0238_1642145427032_942532_18633</expandedElements>
    <expandedElements>_2021x_1_b8c0238_1642149768948_297462_19009
&lt;-_2021x_1_b8c0238_1642145427044_533859_18808
&lt;-_2021x_1_b8c0238_1642145427032_942532_18633</expandedElements>
</diagram>
