<?xml version="1.0" encoding="UTF-8" standalone="yes"?>
<diagram version="9" type="SpesML Technical Internal Component Diagram" baseType="Composite Structure Diagram" abbreviation="TICD" category="SpesML">
    <toolbarConfiguration>
        <baseCategory id="COMMON_ELEMENTS_STATIC" parentCategoryID="COMMON_ELEMENTS_STATIC" expandedByDefault="true"/>
        <category name="SpesML Technical Internal Component Diagram" id="action_category_1622118342457_945858_0" expandedByDefault="true">
            <actions>
                <standard action="ADD_CONNECTOR" shortcut="pressed C "/>
            </actions>
        </category>
    </toolbarConfiguration>
    <module name="SpesML.mdzip" location="C:\MagicDraw21R\profiles\SpesML.mdzip">
        <root id="_19_0_4_b8c0238_1611840272530_419284_42600"/>
    </module>
    <module name="UML_Standard_Profile.mdzip" location="C:\MagicDraw21R\profiles\UML_Standard_Profile.mdzip">
        <root id="magicdraw_uml_standard_profile_v_0001"/>
    </module>
    <elementstyle name="Diagram">
        <PropertyVisitorAcceptor xmlns:xmi="http://www.omg.org/spec/XMI/20131001">
            <mdElement elementClass="PropertyManager">
                <mdElement elementClass="BooleanProperty">
                    <propertyID>SHOW_DIAGRAM_TYPE</propertyID>
                    <propertyGroup>DIAGRAM_FRAME</propertyGroup>
                    <value xmi:value="true"/>
                </mdElement>
                <mdElement elementClass="BooleanProperty">
                    <propertyID>SHOW_FRAME_OWNER</propertyID>
                    <propertyGroup>DIAGRAM_FRAME</propertyGroup>
                </mdElement>
            </mdElement>
        </PropertyVisitorAcceptor>
    </elementstyle>
    <manipulators>
        <stereotype id="_2021x_124503b0_1622040799119_672321_17625" name="Technical Component Part"/>
        <path action="ADD_CONNECTOR"/>
    </manipulators>
    <manipulators>
        <stereotype id="_2021x_1_124503b0_1652456313083_271276_20972" name="Technical Actor Part"/>
        <path action="ADD_CONNECTOR"/>
    </manipulators>
    <manipulators>
        <stereotype id="_2021x_b8c0238_1619592292567_103476_17900" name="Software Component Part"/>
        <path action="ADD_CONNECTOR"/>
    </manipulators>
    <manipulators>
        <stereotype id="_2021x_1_124503b0_1627305118076_258168_17714" name="Electronic Component Part"/>
        <path action="ADD_CONNECTOR"/>
    </manipulators>
    <manipulators>
        <stereotype id="_2021x_1_124503b0_1627305085027_736827_17696" name="Mechanical Component Part"/>
        <path action="ADD_CONNECTOR"/>
    </manipulators>
    <manipulators>
        <stereotype id="_2021x_1_124503b0_1627305118078_843483_17718" name="Mechatronic Component Part"/>
        <path action="ADD_CONNECTOR"/>
    </manipulators>
</diagram>
