<?xml version="1.0" encoding="UTF-8" standalone="yes"?>
<diagram version="9" type="SpesML Task Architecture Internal Diagram" baseType="Composite Structure Diagram" abbreviation="TAID" category="SpesML">
    <toolbarConfiguration>
        <baseCategory id="COMMON_ELEMENTS_STATIC" parentCategoryID="COMMON_ELEMENTS_STATIC" expandedByDefault="true"/>
        <category name="SpesML Task Architecture Internal Diagram" id="action_category_1651233928419_247797_0" expandedByDefault="true">
            <actions>
                <standard action="ADD_CONNECTOR" shortcut="pressed C "/>
            </actions>
        </category>
    </toolbarConfiguration>
    <module name="SpesML.mdzip" location="C:\MagicDraw21R\profiles\SpesML.mdzip">
        <root id="_19_0_4_b8c0238_1611840272530_419284_42600"/>
    </module>
    <module name="UML_Standard_Profile.mdzip" location="C:\MagicDraw21R\profiles\UML_Standard_Profile.mdzip">
        <root id="magicdraw_uml_standard_profile_v_0001"/>
    </module>
    <elementstyle name="Diagram">
        <PropertyVisitorAcceptor xmlns:xmi="http://www.omg.org/spec/XMI/20131001">
            <mdElement elementClass="PropertyManager">
                <mdElement elementClass="BooleanProperty">
                    <propertyID>SHOW_DIAGRAM_TYPE</propertyID>
                    <propertyGroup>DIAGRAM_FRAME</propertyGroup>
                    <value xmi:value="true"/>
                </mdElement>
                <mdElement elementClass="BooleanProperty">
                    <propertyID>SHOW_FRAME_OWNER</propertyID>
                    <propertyGroup>DIAGRAM_FRAME</propertyGroup>
                </mdElement>
            </mdElement>
        </PropertyVisitorAcceptor>
    </elementstyle>
    <manipulators>
        <stereotype id="_2021x_1_124503b0_1651224204655_223700_18457" name="Task Part"/>
        <path action="ADD_CONNECTOR"/>
    </manipulators>
</diagram>
