<?xml version="1.0" encoding="UTF-8" standalone="yes"?>
<diagram version="9" type="SpesML Software Internal Component Diagram" baseType="Composite Structure Diagram" abbreviation="SICD" category="SpesML">
    <toolbarConfiguration>
        <category name="SpesML Software Internal Structure Diagram" id="action_category_1615970256569_154600_1" expandedByDefault="true">
            <actions>
                <standard action="ADD_CONNECTOR" shortcut="pressed C "/>
            </actions>
        </category>
        <baseCategory id="COMMON_ELEMENTS_STATIC" parentCategoryID="COMMON_ELEMENTS_STATIC" expandedByDefault="true"/>
    </toolbarConfiguration>
    <module name="UML_Standard_Profile.mdzip" location="C:\MagicDraw21R\profiles\UML_Standard_Profile.mdzip">
        <root id="magicdraw_uml_standard_profile_v_0001"/>
    </module>
    <module name="SpesML.mdzip" location="C:\MagicDraw21R\profiles\SpesML.mdzip">
        <root id="_19_0_4_b8c0238_1611840272530_419284_42600"/>
    </module>
    <elementstyle name="Diagram">
        <PropertyVisitorAcceptor xmlns:xmi="http://www.omg.org/spec/XMI/20131001">
            <mdElement elementClass="PropertyManager">
                <mdElement elementClass="BooleanProperty">
                    <propertyID>SHOW_DIAGRAM_TYPE</propertyID>
                    <propertyGroup>DIAGRAM_FRAME</propertyGroup>
                    <value xmi:value="true"/>
                </mdElement>
                <mdElement elementClass="BooleanProperty">
                    <propertyID>SHOW_FRAME_OWNER</propertyID>
                    <propertyGroup>DIAGRAM_FRAME</propertyGroup>
                </mdElement>
            </mdElement>
        </PropertyVisitorAcceptor>
    </elementstyle>
    <manipulators>
        <stereotype id="_2021x_1_124503b0_1651224330869_62086_18615" name="Task Architecture Part"/>
        <path action="ADD_CONNECTOR"/>
    </manipulators>
    <manipulators>
        <stereotype id="_2021x_1_124503b0_1651223694536_974738_18187" name="Execution Platform Part"/>
        <path action="ADD_CONNECTOR"/>
    </manipulators>
</diagram>
