<?xml version="1.0" encoding="UTF-8" standalone="yes"?>
<diagram version="9" type="SpesML State Machine Diagram" baseType="State Machine Diagram" abbreviation="SMD" category="SpesML">
    <toolbarConfiguration>
        <category name="SpesML State Machine Diagram" id="action_category_1619503106788_115976_0" expandedByDefault="true">
            <actions>
                <standard action="ADD_INITIAL_PSEUDO_STATE" shortcut="pressed I "/>
                <standard action="ADD_FINAL_STATE" shortcut="pressed F "/>
                <standard action="ADD_STATE" shortcut="shift pressed S "/>
                <standard action="ADD_COMPOSITE_STATE" shortcut="shift pressed C "/>
                <custom type="com.nomagic.uml2.ext.magicdraw.statemachines.mdbehaviorstatemachines.Transition" description="Transition" listAsElement="false" opposite="false" id="IDaction_1636364324406_325638_0">
                    <stereotype id="_2021x_b8c0238_1624267444753_244913_17638"/>
                </custom>
                <standard action="ADD_TRANSITION_TO_SELF" shortcut="pressed E "/>
                <group>
                    <standard action="ADD_ENTRY_PSEUDO_STATE" shortcut="pressed Y "/>
                    <standard action="ADD_EXIT_PSEUDO_STATE" shortcut="pressed U "/>
                </group>
                <group>
                    <standard action="ADD_JUNCTION_POINT" shortcut="pressed J "/>
                    <standard action="ADD_CHOICE_PSEUDO_STATE" shortcut="pressed O "/>
                </group>
                <group>
                    <standard action="ADD_FORK_PSEUDO_STATE_HORIZONTAL" shortcut="pressed F "/>
                    <standard action="ADD_FORK_PSEUDO_STATE_VERTICAL" shortcut="pressed F "/>
                </group>
                <group>
                    <standard action="ADD_JOIN_PSEUDO_STATE_HORIZONTAL" shortcut="pressed D "/>
                    <standard action="ADD_JOIN_PSEUDO_STATE_VERTICAL" shortcut="pressed G "/>
                </group>
            </actions>
        </category>
        <baseCategory id="COMMON_ELEMENTS_DYNAMIC" parentCategoryID="COMMON_ELEMENTS_DYNAMIC" expandedByDefault="true"/>
    </toolbarConfiguration>
    <module name="SpesML.mdzip" location="D:\Programme\MagicDraw_2021x_Refresh1\profiles\SpesML.mdzip">
        <root id="_19_0_4_b8c0238_1611840272530_419284_42600"/>
    </module>
    <module name="UML_Standard_Profile.mdzip" location="D:\Programme\MagicDraw_2021x_Refresh1\profiles\UML_Standard_Profile.mdzip">
        <root id="magicdraw_uml_standard_profile_v_0001"/>
    </module>
    <elementstyle name="Diagram">
        <PropertyVisitorAcceptor xmlns:xmi="http://www.omg.org/spec/XMI/20131001">
            <mdElement elementClass="PropertyManager">
                <mdElement elementClass="BooleanProperty">
                    <propertyID>SHOW_DIAGRAM_TYPE</propertyID>
                    <propertyGroup>DIAGRAM_FRAME</propertyGroup>
                    <value xmi:value="true"/>
                </mdElement>
                <mdElement elementClass="BooleanProperty">
                    <propertyID>SHOW_FRAME_OWNER</propertyID>
                    <propertyGroup>DIAGRAM_FRAME</propertyGroup>
                </mdElement>
            </mdElement>
        </PropertyVisitorAcceptor>
    </elementstyle>
</diagram>
