<?xml version="1.0" encoding="UTF-8" standalone="yes"?>
<diagram version="9" type="SpesML Logical Internal Component Diagram" baseType="Composite Structure Diagram" abbreviation="LICD" category="SpesML">
    <helpID>https://spesml.github.io/plugin/logical_viewpoint.html#logical-internal-component_diagram</helpID>
    <toolbarConfiguration>
        <category name="SpesML Logical Internal Component Diagram" id="action_category_1619681983670_420517_0" expandedByDefault="true">
            <actions>
                <standard action="ADD_CONNECTOR" shortcut="pressed C "/>
            </actions>
        </category>
        <baseCategory id="COMMON_ELEMENTS_STATIC" parentCategoryID="COMMON_ELEMENTS_STATIC" expandedByDefault="true"/>
    </toolbarConfiguration>
    <module name="UML_Standard_Profile.mdzip" location="D:\Programme\MagicDraw_2021x_Refresh1\profiles\UML_Standard_Profile.mdzip">
        <root id="magicdraw_uml_standard_profile_v_0001"/>
    </module>
    <module name="SpesML.mdzip" location="D:\Programme\MagicDraw_2021x_Refresh1\profiles\SpesML.mdzip">
        <root id="_19_0_4_b8c0238_1611840272530_419284_42600"/>
    </module>
    <elementstyle name="Diagram">
        <PropertyVisitorAcceptor xmlns:xmi="http://www.omg.org/spec/XMI/20131001">
            <mdElement elementClass="PropertyManager">
                <mdElement elementClass="BooleanProperty">
                    <propertyID>SHOW_DIAGRAM_TYPE</propertyID>
                    <propertyGroup>DIAGRAM_FRAME</propertyGroup>
                    <value xmi:value="true"/>
                </mdElement>
                <mdElement elementClass="BooleanProperty">
                    <propertyID>SHOW_FRAME_OWNER</propertyID>
                    <propertyGroup>DIAGRAM_FRAME</propertyGroup>
                </mdElement>
            </mdElement>
        </PropertyVisitorAcceptor>
    </elementstyle>
    <manipulators>
        <stereotype id="_2021x_1_124503b0_1625823271315_358577_18020" name="Logical Actor Part"/>
        <path action="ADD_CONNECTOR"/>
    </manipulators>
    <manipulators>
        <stereotype id="_2021x_b8c0238_1619592083947_819527_17753" name="Logical Component Part"/>
        <path action="ADD_CONNECTOR"/>
    </manipulators>
</diagram>
