<?xml version="1.0" encoding="UTF-8" standalone="yes"?>
<diagram version="9" type="SpesML Functional Internal Function Diagram" baseType="Composite Structure Diagram" abbreviation="FIFD" category="SpesML">
    <helpID>https://spesml.github.io/plugin/functional_viewpoint.html#functional_internal-function-diagram</helpID>
    <toolbarConfiguration>
        <baseCategory id="COMMON_ELEMENTS_STATIC" parentCategoryID="COMMON_ELEMENTS_STATIC" expandedByDefault="true"/>
        <category name="SpesML Functional Internal Function Diagram" id="action_category_1639647773747_738698_0" expandedByDefault="true">
            <actions>
                <standard action="ADD_CONNECTOR" shortcut="pressed C "/>
            </actions>
        </category>
    </toolbarConfiguration>
    <module name="SpesML.mdzip" location="D:\Programme\MagicDraw_2021x_Refresh1\profiles\SpesML.mdzip">
        <root id="_19_0_4_b8c0238_1611840272530_419284_42600"/>
    </module>
    <module name="UML_Standard_Profile.mdzip" location="D:\Programme\MagicDraw_2021x_Refresh1\profiles\UML_Standard_Profile.mdzip">
        <root id="magicdraw_uml_standard_profile_v_0001"/>
    </module>
    <manipulators>
        <stereotype id="_2021x_b8c0238_1619591941384_787159_17669" name="Function Part"/>
        <path action="ADD_CONNECTOR"/>
    </manipulators>
    <manipulators>
        <stereotype id="_2021x_1_b8c0238_1639722041557_104786_17972" name="Functional Actor Part"/>
        <path action="ADD_CONNECTOR"/>
    </manipulators>
</diagram>
